category,sample,revolution,prediction,negative_score,truth
Airline,1,1,1,0.93927795,1
Airline,1,2,1,0.94584525,1
Airline,1,4,1,0.9626723,1
Airline,1,5,1,0.79162663,1
Airline,1,6,1,0.82253534,1
Airline,1,7,1,0.95566255,1
Airline,1,8,1,0.95259404,1
Airline,1,9,1,0.6078643,1
Airline,1,10,1,0.758459,1
Airline,2,1,0,0.4598077,1
Airline,2,2,0,0.39979222,1
Airline,2,3,1,0.6230251,1
Airline,2,4,0,0.30207074,1
Airline,2,6,0,0.48678324,1
Airline,2,7,0,0.32190153,1
Airline,2,8,0,0.41039258,1
Airline,2,9,0,0.36999565,1
Airline,3,1,0,0.35169965,1
Airline,3,2,1,0.6213664,1
Airline,3,3,1,0.74050397,1
Airline,3,4,1,0.62173444,1
Airline,3,5,0,0.24196625,1
Airline,3,6,1,0.696152,1
Airline,3,7,0,0.31617668,1
Airline,3,8,1,0.6663845,1
Airline,3,9,1,0.6327129,1
Airline,4,1,1,0.5413346,1
Airline,4,2,0,0.10539071,1
Airline,4,4,1,0.6942145,1
Airline,4,5,1,0.5189649,1
Airline,4,6,0,0.43037587,1
Airline,4,7,0,0.36139873,1
Airline,4,9,1,0.5438678,1
Airline,4,10,1,0.70851874,1
Airline,5,1,0,0.4942112,1
Airline,5,2,1,0.88242656,1
Airline,5,3,0,0.22544748,1
Airline,5,4,1,0.801285,1
Airline,5,5,1,0.912833,1
Airline,5,7,0,0.45746225,1
Airline,5,8,0,0.4439573,1
Airline,5,9,1,0.59655684,1
Airline,5,10,1,0.8388841,1
Airline,6,1,0,0.30930603,1
Airline,6,2,1,0.51982707,1
Airline,6,3,0,0.3591493,1
Airline,6,4,1,0.7125701,1
Airline,6,5,0,0.38359427,1
Airline,6,6,0,0.270513,1
Airline,6,7,1,0.7622203,1
Airline,6,8,0,0.45963213,1
Airline,6,9,1,0.55849856,1
Airline,6,10,0,0.3726375,1
Airline,7,1,0,0.36421978,1
Airline,7,2,0,0.4137709,1
Airline,7,3,1,0.5389729,1
Airline,7,6,0,0.43464488,1
Airline,7,7,0,0.3450595,1
Airline,7,8,1,0.5934602,1
Airline,7,9,0,0.46575457,1
Airline,8,1,0,0.39504203,1
Airline,8,2,1,0.6558151,1
Airline,8,3,0,0.41075638,1
Airline,8,4,0,0.47298592,1
Airline,8,5,0,0.33180195,1
Airline,8,6,0,0.32065576,1
Airline,8,9,1,0.8880157,1
Airline,8,10,0,0.33687848,1
Airline,9,1,1,0.55291206,1
Airline,9,2,0,0.4031028,1
Airline,9,3,0,0.32379866,1
Airline,9,4,0,0.41439152,1
Airline,9,5,0,0.4182917,1
Airline,9,7,0,0.37803915,1
Airline,9,8,0,0.4299534,1
Airline,10,1,1,0.5832895,1
Airline,10,2,0,0.27253968,1
Airline,10,4,1,0.6608038,1
Airline,10,5,0,0.43650937,1
Airline,10,6,1,0.7565786,1
Airline,10,7,0,0.43787336,1
Airline,10,8,0,0.39810956,1
Airline,10,9,1,0.673079,1
Airline,10,10,0,0.35311198,1
Airline,11,1,1,0.58957875,1
Airline,11,2,1,0.68113464,1
Airline,11,3,1,0.66507655,1
Airline,11,4,1,0.7083969,1
Airline,11,5,1,0.7443296,1
Airline,11,6,0,0.38153988,1
Airline,11,7,0,0.40406,1
Airline,11,8,1,0.5695721,1
Airline,11,9,1,0.5044092,1
Airline,12,1,1,0.58606184,1
Airline,12,2,0,0.3106699,1
Airline,12,3,1,0.92023283,1
Airline,12,4,1,0.59498537,1
Airline,12,5,1,0.76983774,1
Airline,12,6,1,0.8019925,1
Airline,12,7,1,0.5296478,1
Airline,12,8,0,0.28697518,1
Airline,12,9,0,0.35469317,1
Airline,12,10,1,0.50301945,1
Airline,13,1,1,0.6341459,1
Airline,13,2,1,0.60032934,1
Airline,13,4,0,0.42489314,1
Airline,13,5,0,0.44738033,1
Airline,13,7,1,0.7727188,1
Airline,13,8,1,0.9747995,1
Airline,13,9,1,0.5034152,1
Airline,14,1,0,0.34961823,1
Airline,14,2,0,0.38300526,1
Airline,14,4,1,0.79471064,1
Airline,14,5,1,0.59639573,1
Airline,14,6,0,0.44011784,1
Airline,14,7,0,0.38620752,1
Airline,14,8,1,0.7632103,1
Airline,14,9,1,0.5921243,1
Airline,14,10,1,0.59781206,1
Airline,15,2,0,0.47847632,1
Airline,15,3,0,0.48451066,1
Airline,15,4,0,0.4035038,1
Airline,15,5,0,0.33842048,1
Airline,15,6,0,0.3997508,1
Airline,15,7,0,0.37977844,1
Airline,15,8,0,0.29170144,1
Airline,15,9,0,0.45717427,1
Airline,15,10,0,0.38194627,1
Airline,16,3,0,0.33721635,1
Airline,16,4,0,0.3669079,1
Airline,16,5,0,0.35219768,1
Airline,16,6,0,0.3408117,1
Airline,16,8,0,0.2674367,1
Airline,16,9,0,0.348793,1
Airline,16,10,0,0.42849275,1
Airline,17,1,0,0.45949855,1
Airline,17,3,0,0.38982633,1
Airline,17,4,0,0.43151924,1
Airline,17,5,0,0.30570835,1
Airline,17,6,0,0.42164472,1
Airline,17,7,0,0.43148822,1
Airline,17,9,0,0.2746977,1
Airline,17,10,0,0.49876305,1
Airline,18,1,1,0.53643155,1
Airline,18,2,1,0.5271201,1
Airline,18,4,0,0.33964726,1
Airline,18,5,0,0.44453365,1
Airline,18,6,0,0.49299562,1
Airline,18,7,0,0.3125384,1
Airline,18,8,0,0.4535089,1
Airline,18,9,0,0.37645867,1
Airline,18,10,0,0.41714275,1
Airline,19,1,1,0.7251918,1
Airline,19,2,1,0.71016806,1
Airline,19,3,1,0.63946,1
Airline,19,4,1,0.53234684,1
Airline,19,5,1,0.65550286,1
Airline,19,7,1,0.7944514,1
Airline,19,8,1,0.7874479,1
Airline,19,9,1,0.69890213,1
Airline,20,1,0,0.35838437,1
Airline,20,2,0,0.36818066,1
Airline,20,3,0,0.37374374,1
Airline,20,4,0,0.39086527,1
Airline,20,5,1,0.597123,1
Airline,20,6,0,0.3934783,1
Airline,20,8,0,0.36229908,1
Airline,20,9,0,0.33847776,1
Airline,20,10,0,0.45048568,1
Airline,21,1,1,0.5733225,1
Airline,21,2,0,0.39176205,1
Airline,21,3,0,0.47672155,1
Airline,21,4,1,0.7925186,1
Airline,21,5,0,0.4813032,1
Airline,21,6,0,0.4634909,1
Airline,21,7,1,0.7735386,1
Airline,21,8,1,0.73571265,1
Airline,21,9,0,0.49086794,1
Airline,21,10,0,0.2720149,1
Airline,22,1,0,0.38903943,1
Airline,22,2,0,0.31452477,1
Airline,22,3,0,0.3772371,1
Airline,22,4,1,0.61442435,1
Airline,22,6,0,0.4332955,1
Airline,22,7,0,0.3258719,1
Airline,22,9,0,0.38782096,1
Airline,22,10,0,0.31853414,1
Airline,23,1,0,0.49706993,1
Airline,23,2,0,0.45408997,1
Airline,23,3,0,0.33043978,1
Airline,23,4,0,0.49983153,1
Airline,23,6,0,0.24858434,1
Airline,23,8,0,0.24332204,1
Airline,23,9,0,0.34315652,1
Airline,23,10,0,0.20580333,1
Airline,24,1,1,0.6031545,1
Airline,24,2,1,0.80041677,1
Airline,24,3,1,0.8593135,1
Airline,24,4,1,0.7887615,1
Airline,24,6,1,0.9592678,1
Airline,24,7,1,0.86961013,1
Airline,24,8,1,0.9579847,1
Airline,24,10,1,0.8292328,1
Airline,25,1,1,0.7199456,1
Airline,25,2,1,0.83788824,1
Airline,25,3,1,0.873776,1
Airline,25,4,1,0.6009987,1
Airline,25,5,1,0.5198807,1
Airline,25,6,0,0.43508223,1
Airline,25,8,1,0.79063404,1
Airline,25,10,1,0.65522057,1
Airline,26,1,0,0.44945887,1
Airline,26,2,0,0.34414673,1
Airline,26,3,1,0.557599,1
Airline,26,4,0,0.46747595,1
Airline,26,6,1,0.6050893,1
Airline,26,7,0,0.46079624,1
Airline,26,8,0,0.46612757,1
Airline,26,9,1,0.7381461,1
Airline,27,1,0,0.3846655,1
Airline,27,2,0,0.44318596,1
Airline,27,4,0,0.3281515,1
Airline,27,5,0,0.30396616,1
Airline,27,6,0,0.3840722,1
Airline,27,7,0,0.3693245,1
Airline,27,8,0,0.40247506,1
Airline,27,10,0,0.44071722,1
Airline,28,1,1,0.83535266,1
Airline,28,2,0,0.33726698,1
Airline,28,3,1,0.60194457,1
Airline,28,4,1,0.8762816,1
Airline,28,5,1,0.888112,1
Airline,28,6,1,0.50483596,1
Airline,28,7,1,0.8565426,1
Airline,28,8,0,0.43874258,1
Airline,28,10,1,0.5373616,1
Airline,29,1,1,0.5004733,1
Airline,29,2,0,0.4752736,1
Airline,29,3,1,0.71055275,1
Airline,29,4,0,0.29365262,1
Airline,29,5,0,0.4157471,1
Airline,29,6,0,0.28259444,1
Airline,29,7,1,0.6180693,1
Airline,29,10,0,0.4166058,1
Airline,30,1,0,0.47031274,1
Airline,30,2,0,0.4011822,1
Airline,30,5,1,0.82787573,1
Airline,30,7,1,0.82838297,1
Airline,30,8,1,0.5311913,1
Airline,30,9,0,0.46098548,1
Airline,30,10,1,0.81617934,1
Airline,31,1,1,0.52198637,1
Airline,31,3,0,0.3562004,1
Airline,31,5,0,0.22019382,1
Airline,31,6,0,0.48546737,1
Airline,31,7,0,0.31029347,1
Airline,31,8,0,0.27984565,1
Airline,31,9,0,0.32676432,1
Airline,31,10,0,0.44267794,1
Airline,32,1,0,0.331747,1
Airline,32,2,0,0.34747425,1
Airline,32,3,0,0.31196722,1
Airline,32,5,0,0.25253898,1
Airline,32,6,0,0.31610096,1
Airline,32,7,0,0.3488096,1
Airline,32,8,0,0.3155924,1
Airline,32,9,0,0.31292352,1
Airline,32,10,0,0.28851128,1
Airline,33,2,0,0.29810074,1
Airline,33,3,0,0.2599959,1
Airline,33,4,1,0.5809735,1
Airline,33,5,0,0.29091582,1
Airline,33,6,0,0.3350596,1
Airline,33,7,0,0.46843496,1
Airline,33,8,0,0.2708642,1
Airline,33,9,0,0.28189182,1
Airline,33,10,0,0.29808387,1
Airline,34,1,0,0.36201632,1
Airline,34,2,0,0.3450456,1
Airline,34,3,0,0.4383595,1
Airline,34,4,0,0.37127253,1
Airline,34,6,0,0.35014474,1
Airline,34,7,0,0.32152614,1
Airline,34,8,0,0.33894408,1
Airline,34,9,0,0.30514053,1
Airline,35,1,0,0.3831245,1
Airline,35,3,1,0.8842894,1
Airline,35,7,1,0.67868364,1
Airline,35,8,1,0.92715526,1
Airline,35,9,0,0.39445576,1
Airline,35,10,1,0.75930977,1
Airline,36,1,1,0.56272006,1
Airline,36,2,0,0.2885163,1
Airline,36,3,0,0.3582881,1
Airline,36,4,0,0.46461326,1
Airline,36,5,0,0.39841747,1
Airline,36,8,0,0.32277068,1
Airline,36,9,1,0.5000596,1
Airline,37,1,1,0.5766203,1
Airline,37,2,1,0.5720299,1
Airline,37,3,0,0.4181754,1
Airline,37,4,0,0.32143646,1
Airline,37,5,0,0.30410522,1
Airline,37,6,0,0.39945033,1
Airline,37,7,1,0.50124675,1
Airline,37,8,0,0.38831562,1
Airline,37,9,1,0.54091054,1
Airline,37,10,0,0.3732523,1
Airline,38,2,1,0.8417681,1
Airline,38,3,1,0.559802,1
Airline,38,4,1,0.84033644,1
Airline,38,6,1,0.9034338,1
Airline,38,8,1,0.9613678,1
Airline,38,9,1,0.8715453,1
Airline,38,10,1,0.9548016,1
Airline,39,2,0,0.40399578,1
Airline,39,3,0,0.35880494,1
Airline,39,7,0,0.33704352,1
Airline,39,8,0,0.41563794,1
Airline,39,9,0,0.42807013,1
Airline,39,10,0,0.41102284,1
Airline,40,1,0,0.3298527,1
Airline,40,2,0,0.24623106,1
Airline,40,3,0,0.3471479,1
Airline,40,4,0,0.45370394,1
Airline,40,5,0,0.39668778,1
Airline,40,6,0,0.21854992,1
Airline,40,10,0,0.2560742,1
Airline,41,1,0,0.46173912,1
Airline,41,2,1,0.64807826,1
Airline,41,3,1,0.6255298,1
Airline,41,4,1,0.743517,1
Airline,41,5,1,0.5194094,1
Airline,41,7,1,0.6045202,1
Airline,41,8,0,0.3960214,1
Airline,41,9,0,0.34235176,1
Airline,41,10,0,0.37463734,1
Airline,42,2,0,0.34128854,1
Airline,42,4,1,0.7051627,1
Airline,42,5,0,0.28399256,1
Airline,42,6,1,0.8132883,1
Airline,42,7,1,0.84325117,1
Airline,42,8,0,0.3397506,1
Airline,42,9,1,0.53223544,1
Airline,43,1,0,0.3700086,1
Airline,43,2,0,0.28255057,1
Airline,43,3,0,0.2853483,1
Airline,43,4,0,0.33926633,1
Airline,43,5,0,0.21009652,1
Airline,43,6,0,0.2805966,1
Airline,43,7,0,0.33633775,1
Airline,43,8,0,0.2591989,1
Airline,43,9,0,0.3202637,1
Airline,43,10,0,0.26965427,1
Airline,44,1,0,0.32587203,1
Airline,44,2,0,0.39590198,1
Airline,44,3,0,0.2330775,1
Airline,44,4,0,0.3116888,1
Airline,44,5,0,0.34084788,1
Airline,44,6,1,0.59931034,1
Airline,44,7,0,0.43482128,1
Airline,44,8,1,0.56861186,1
Airline,44,9,0,0.33108965,1
Airline,44,10,0,0.24606274,1
Airline,45,1,0,0.34075385,1
Airline,45,2,0,0.29458547,1
Airline,45,4,0,0.28483593,1
Airline,45,5,0,0.31925598,1
Airline,45,6,0,0.30929667,1
Airline,45,7,0,0.3452374,1
Airline,45,9,0,0.2526794,1
Airline,46,1,0,0.3382552,1
Airline,46,2,0,0.29173294,1
Airline,46,3,0,0.4378755,1
Airline,46,4,0,0.32950604,1
Airline,46,5,0,0.31658444,1
Airline,46,6,0,0.31080225,1
Airline,46,7,0,0.43775827,1
Airline,46,8,0,0.2847743,1
Airline,46,9,1,0.5101323,1
Airline,46,10,0,0.3345839,1
Airline,47,1,0,0.26934138,1
Airline,47,2,0,0.32765907,1
Airline,47,3,0,0.2873904,1
Airline,47,4,0,0.30621183,1
Airline,47,5,0,0.3337918,1
Airline,47,6,0,0.28703755,1
Airline,47,8,0,0.3665945,1
Airline,47,9,0,0.23145244,1
Airline,47,10,0,0.33769765,1
Airline,48,1,0,0.25082788,1
Airline,48,2,0,0.33610064,1
Airline,48,3,0,0.2694535,1
Airline,48,4,0,0.44804233,1
Airline,48,5,0,0.307936,1
Airline,48,6,0,0.40455413,1
Airline,48,7,0,0.3587494,1
Airline,48,9,0,0.35342783,1
Airline,48,10,0,0.44865045,1
Airline,49,1,0,0.40143242,1
Airline,49,3,1,0.6617588,1
Airline,49,5,0,0.37191066,1
Airline,49,6,0,0.34287655,1
Airline,49,7,1,0.5247419,1
Airline,49,9,0,0.4044304,1
Airline,49,10,0,0.3581327,1
Airline,50,2,0,0.31835586,1
Airline,50,3,1,0.6131203,1
Airline,50,4,0,0.4659974,1
Airline,50,5,0,0.25098526,1
Airline,50,6,1,0.8801834,1
Airline,50,7,1,0.9154216,1
Airline,50,9,0,0.36680657,1
Airline,50,10,1,0.5447429,1
Airline,51,1,1,0.50575185,1
Airline,51,2,0,0.4354663,1
Airline,51,3,1,0.52107626,1
Airline,51,4,0,0.43083864,1
Airline,51,6,0,0.3801117,1
Airline,51,8,1,0.52931756,1
Airline,51,9,0,0.42462018,1
Airline,51,10,0,0.3787122,1
Airline,52,1,0,0.43816826,1
Airline,52,2,0,0.3817268,1
Airline,52,3,0,0.36782584,1
Airline,52,5,0,0.4748063,1
Airline,52,6,1,0.5146431,1
Airline,52,7,1,0.6193908,1
Airline,52,8,1,0.6212782,1
Airline,52,9,0,0.30861062,1
Airline,52,10,1,0.537764,1
Airline,53,1,0,0.40580866,1
Airline,53,3,0,0.35931864,1
Airline,53,4,0,0.33741122,1
Airline,53,5,0,0.439633,1
Airline,53,6,0,0.42102274,1
Airline,53,7,1,0.5505262,1
Airline,53,8,1,0.50779104,1
Airline,53,10,1,0.70048976,1
Airline,54,1,0,0.4231,1
Airline,54,2,0,0.34472054,1
Airline,54,3,0,0.39700294,1
Airline,54,4,0,0.31966397,1
Airline,54,5,0,0.36944842,1
Airline,54,6,0,0.36766514,1
Airline,54,7,0,0.32189235,1
Airline,54,8,0,0.4651334,1
Airline,54,9,1,0.5400706,1
Airline,54,10,0,0.3381918,1
Airline,55,1,0,0.32770735,1
Airline,55,2,0,0.44521263,1
Airline,55,3,1,0.6377581,1
Airline,55,4,0,0.37421387,1
Airline,55,6,0,0.30986392,1
Airline,55,7,0,0.34052563,1
Airline,55,9,0,0.47383115,1
Airline,55,10,0,0.23347056,1
Airline,56,1,0,0.43510026,1
Airline,56,3,0,0.3542856,1
Airline,56,4,0,0.36789873,1
Airline,56,5,0,0.40217525,1
Airline,56,6,0,0.33201537,1
Airline,56,7,0,0.3909001,1
Airline,56,9,0,0.3374696,1
Airline,56,10,0,0.32854748,1
Airline,57,1,1,0.5951298,1
Airline,57,2,1,0.8410041,1
Airline,57,5,1,0.9163437,1
Airline,57,6,1,0.72999793,1
Airline,57,7,1,0.65260774,1
Airline,57,8,1,0.7750944,1
Airline,57,9,1,0.79901284,1
Airline,57,10,1,0.8521755,1
Airline,58,1,1,0.5460995,1
Airline,58,2,1,0.6144021,1
Airline,58,3,1,0.5976209,1
Airline,58,4,0,0.35228342,1
Airline,58,5,0,0.39770964,1
Airline,58,6,1,0.58223826,1
Airline,58,7,1,0.5835786,1
Airline,58,8,0,0.33037135,1
Airline,58,9,0,0.4124131,1
Airline,58,10,0,0.34325975,1
Airline,59,2,1,0.8982989,1
Airline,59,3,1,0.9453101,1
Airline,59,4,1,0.81453544,1
Airline,59,5,1,0.8752585,1
Airline,59,6,1,0.89693683,1
Airline,59,8,1,0.51231074,1
Airline,59,9,1,0.6243398,1
Airline,59,10,1,0.90685916,1
Airline,60,1,0,0.45149133,1
Airline,60,2,0,0.38857085,1
Airline,60,3,0,0.4418528,1
Airline,60,4,0,0.35810915,1
Airline,60,6,0,0.47787187,1
Airline,60,7,0,0.3531434,1
Airline,60,8,0,0.43817037,1
Airline,60,9,0,0.3186912,1
Airline,60,10,0,0.39741996,1
Airline,61,1,0,0.41192096,1
Airline,61,3,0,0.36949927,1
Airline,61,4,0,0.43662187,1
Airline,61,6,0,0.41372252,1
Airline,61,7,0,0.37856847,1
Airline,61,8,0,0.3424338,1
Airline,61,9,0,0.34549683,1
Airline,61,10,0,0.38861546,1
Airline,62,1,0,0.2875589,1
Airline,62,2,0,0.31166324,1
Airline,62,3,1,0.59010696,1
Airline,62,4,0,0.34574094,1
Airline,62,5,0,0.3728259,1
Airline,62,7,0,0.33517155,1
Airline,62,8,0,0.3325798,1
Airline,62,10,0,0.48077267,1
Airline,63,1,0,0.43104598,1
Airline,63,2,0,0.3122493,1
Airline,63,3,0,0.38523382,1
Airline,63,4,0,0.4624427,1
Airline,63,5,0,0.34343618,1
Airline,63,6,0,0.29889798,1
Airline,63,8,0,0.3558925,1
Airline,63,10,0,0.31481728,1
Airline,64,1,0,0.4782166,1
Airline,64,2,1,0.57671756,1
Airline,64,3,0,0.3671951,1
Airline,64,4,0,0.29558495,1
Airline,64,6,0,0.4300104,1
Airline,64,9,0,0.32435265,1
Airline,64,10,0,0.44132733,1
Airline,65,1,1,0.52034664,1
Airline,65,3,0,0.33769444,1
Airline,65,4,1,0.66211236,1
Airline,65,5,1,0.5308405,1
Airline,65,6,0,0.43357956,1
Airline,65,8,1,0.74402905,1
Airline,65,9,0,0.4353557,1
Airline,65,10,0,0.38525787,1
Airline,66,1,0,0.31952047,1
Airline,66,2,0,0.33809224,1
Airline,66,3,0,0.3702359,1
Airline,66,4,0,0.34506887,1
Airline,66,6,0,0.40764654,1
Airline,66,7,0,0.34697258,1
Airline,66,8,0,0.3613538,1
Airline,66,9,0,0.34550807,1
Airline,66,10,0,0.33490863,1
Airline,67,1,0,0.4746966,1
Airline,67,2,0,0.4536536,1
Airline,67,3,0,0.49842066,1
Airline,67,4,0,0.3914638,1
Airline,67,5,0,0.34640294,1
Airline,67,6,0,0.42050442,1
Airline,67,7,0,0.35433984,1
Airline,67,8,0,0.34255984,1
Airline,67,9,0,0.413592,1
Airline,67,10,0,0.36401203,1
Airline,68,2,0,0.35344857,1
Airline,68,3,0,0.44139647,1
Airline,68,4,0,0.35659927,1
Airline,68,5,0,0.4527197,1
Airline,68,6,0,0.2880114,1
Airline,68,7,0,0.38625798,1
Airline,68,8,0,0.34494635,1
Airline,68,9,0,0.27297848,1
Airline,68,10,1,0.63594675,1
Airline,69,1,1,0.7110219,1
Airline,69,2,1,0.67943966,1
Airline,69,3,1,0.7188187,1
Airline,69,4,1,0.71998495,1
Airline,69,5,1,0.60655856,1
Airline,69,6,0,0.45755062,1
Airline,69,7,1,0.6985891,1
Airline,69,8,1,0.51923954,1
Airline,69,9,1,0.59971195,1
Airline,70,2,0,0.35119802,1
Airline,70,3,0,0.34199703,1
Airline,70,4,0,0.36338836,1
Airline,70,5,0,0.31106326,1
Airline,70,7,0,0.29550797,1
Airline,70,8,0,0.31881166,1
Airline,70,9,0,0.2571285,1
Airline,71,1,0,0.35354885,1
Airline,71,2,0,0.30839914,1
Airline,71,3,0,0.3423973,1
Airline,71,4,0,0.4617255,1
Airline,71,5,0,0.3294134,1
Airline,71,6,0,0.38242784,1
Airline,71,7,0,0.3772912,1
Airline,71,9,0,0.3355349,1
Airline,71,10,0,0.2905901,1
Airline,72,1,0,0.38600078,1
Airline,72,2,0,0.3401793,1
Airline,72,3,0,0.35996753,1
Airline,72,4,0,0.358052,1
Airline,72,5,0,0.3661073,1
Airline,72,6,0,0.38218614,1
Airline,72,7,0,0.37100026,1
Airline,72,8,0,0.34729916,1
Airline,72,9,0,0.32726565,1
Airline,73,2,0,0.37563476,1
Airline,73,4,1,0.60613084,1
Airline,73,5,1,0.5356979,1
Airline,73,6,1,0.67685056,1
Airline,73,7,1,0.53722423,1
Airline,73,8,0,0.289443,1
Airline,73,9,1,0.61287326,1
Airline,73,10,1,0.7158338,1
Airline,74,1,1,0.59311074,1
Airline,74,2,0,0.4282892,1
Airline,74,3,1,0.59477025,1
Airline,74,4,0,0.484618,1
Airline,74,5,0,0.376426,1
Airline,74,6,1,0.6241896,1
Airline,74,7,0,0.3868184,1
Airline,74,8,0,0.35590774,1
Airline,74,9,0,0.37296778,1
Airline,74,10,1,0.5288533,1
Airline,75,2,0,0.34634924,1
Airline,75,3,0,0.33141348,1
Airline,75,4,0,0.38681948,1
Airline,75,5,0,0.3265243,1
Airline,75,6,0,0.34060094,1
Airline,75,7,0,0.25215957,1
Airline,75,8,0,0.33099732,1
Airline,75,9,0,0.29427347,1
Airline,75,10,0,0.27765554,1
BeschSW,1,1,1,0.6073585,1
BeschSW,1,2,0,0.46411043,1
BeschSW,1,4,0,0.25253147,1
BeschSW,1,5,1,0.77979857,1
BeschSW,1,6,0,0.4558896,1
BeschSW,1,8,0,0.44409865,1
BeschSW,1,9,0,0.38283277,1
BeschSW,1,10,1,0.9399541,1
BeschSW,2,2,1,0.997071,1
BeschSW,2,3,0,0.31954414,1
BeschSW,2,4,1,0.93572664,1
BeschSW,2,5,0,0.44311246,1
BeschSW,2,6,1,0.55116826,1
BeschSW,2,7,1,0.64484125,1
BeschSW,2,8,1,0.7295637,1
BeschSW,2,9,1,0.61015964,1
BeschSW,2,10,1,0.7996723,1
BeschSW,3,1,0,0.22787474,1
BeschSW,3,2,0,0.14283149,1
BeschSW,3,3,0,0.40663558,1
BeschSW,3,4,0,0.3850145,1
BeschSW,3,6,1,0.9623348,1
BeschSW,3,7,1,0.71135515,1
BeschSW,3,8,1,0.98471236,1
BeschSW,3,9,0,0.40892518,1
BeschSW,3,10,1,0.8600416,1
BeschSW,4,1,0,0.3236418,1
BeschSW,4,2,0,0.3031344,1
BeschSW,4,5,0,0.35665712,1
BeschSW,4,6,0,0.2821785,1
BeschSW,4,8,1,0.99353796,1
BeschSW,4,9,0,0.26711145,1
BeschSW,4,10,1,0.9935741,1
BeschSW,5,1,0,0.29880106,1
BeschSW,5,2,1,0.70290995,1
BeschSW,5,3,0,0.26939726,1
BeschSW,5,4,0,0.1653518,1
BeschSW,5,5,0,0.28688172,1
BeschSW,5,6,0,0.39185888,1
BeschSW,5,7,1,0.8828469,1
BeschSW,5,8,1,0.99040973,1
BeschSW,5,9,1,0.9920587,1
BeschSW,6,1,0,0.49590528,1
BeschSW,6,3,1,0.51255924,1
BeschSW,6,5,0,0.24806182,1
BeschSW,6,6,1,0.9616581,1
BeschSW,6,7,1,0.9287178,1
BeschSW,6,8,0,0.28149134,1
BeschSW,6,9,1,0.915767,1
BeschSW,6,10,1,0.9496386,1
BeschSW,7,2,0,0.23060924,1
BeschSW,7,4,1,0.9397282,1
BeschSW,7,5,1,0.7337895,1
BeschSW,7,6,1,0.52333194,1
BeschSW,7,7,1,0.9978756,1
BeschSW,7,8,1,0.912385,1
BeschSW,7,9,0,0.2115351,1
BeschSW,7,10,1,0.98857784,1
BeschSW,8,1,0,0.28768507,1
BeschSW,8,5,1,0.7201236,1
BeschSW,8,6,1,0.9713765,1
BeschSW,8,7,1,0.9701469,1
BeschSW,8,8,1,0.9847786,1
BeschSW,8,9,1,0.9849498,1
BeschSW,8,10,1,0.99195147,1
BeschSW,9,1,1,0.9082169,1
BeschSW,9,2,1,0.99820185,1
BeschSW,9,3,1,0.99830365,1
BeschSW,9,4,1,0.9985311,1
BeschSW,9,5,1,0.7819039,1
BeschSW,9,6,0,0.44526565,1
BeschSW,9,7,1,0.9984837,1
BeschSW,9,8,1,0.9979917,1
BeschSW,9,9,1,0.7633462,1
BeschSW,10,2,0,0.4647157,1
BeschSW,10,4,0,0.28425342,1
BeschSW,10,5,0,0.27658,1
BeschSW,10,6,0,0.26310351,1
BeschSW,10,7,0,0.30727172,1
BeschSW,10,8,0,0.267077,1
BeschSW,10,9,0,0.27762154,1
BeschSW,10,10,0,0.23075403,1
BeschSW,11,1,0,0.44961604,1
BeschSW,11,2,1,0.6413277,1
BeschSW,11,3,1,0.5522536,1
BeschSW,11,4,1,0.5576201,1
BeschSW,11,5,0,0.44706532,1
BeschSW,11,6,0,0.3054459,1
BeschSW,11,7,0,0.30465922,1
BeschSW,11,8,1,0.5026779,1
BeschSW,11,9,1,0.5416288,1
BeschSW,11,10,1,0.5018425,1
BeschSW,12,2,1,0.90309525,1
BeschSW,12,3,1,0.92052317,1
BeschSW,12,4,1,0.74118876,1
BeschSW,12,5,1,0.7334981,1
BeschSW,12,7,1,0.9714271,1
BeschSW,12,8,1,0.6650152,1
BeschSW,12,10,1,0.98114556,1
BeschSW,13,2,0,0.34885064,1
BeschSW,13,3,1,0.6873307,1
BeschSW,13,4,1,0.8608234,1
BeschSW,13,5,1,0.9321232,1
BeschSW,13,6,0,0.29202613,1
BeschSW,13,7,1,0.8957869,1
BeschSW,13,8,1,0.57760614,1
BeschSW,13,10,1,0.6948436,1
BeschSW,14,1,0,0.21086061,1
BeschSW,14,2,1,0.99599695,1
BeschSW,14,4,0,0.21031731,1
BeschSW,14,5,0,0.21413562,1
BeschSW,14,6,0,0.25150096,1
BeschSW,14,7,0,0.19863844,1
BeschSW,14,8,1,0.9865849,1
BeschSW,14,10,1,0.9864807,1
BeschSW,15,1,1,0.7277496,1
BeschSW,15,2,0,0.17284991,1
BeschSW,15,3,1,0.9693596,1
BeschSW,15,4,0,0.24528843,1
BeschSW,15,5,1,0.6262904,1
BeschSW,15,6,0,0.35828948,1
BeschSW,15,7,1,0.9630387,1
BeschSW,15,8,0,0.35353887,1
BeschSW,15,9,0,0.33894256,1
BeschSW,15,10,0,0.32928148,1
BeschSW,16,2,1,0.64791787,1
BeschSW,16,3,1,0.97272104,1
BeschSW,16,4,0,0.48427537,1
BeschSW,16,5,1,0.97148156,1
BeschSW,16,6,1,0.98499054,1
BeschSW,16,7,0,0.4605012,1
BeschSW,16,8,1,0.72577435,1
BeschSW,16,9,1,0.98091286,1
BeschSW,16,10,1,0.9891244,1
BeschSW,17,1,1,0.98993087,1
BeschSW,17,2,1,0.9969522,1
BeschSW,17,3,1,0.95254225,1
BeschSW,17,6,1,0.9923955,1
BeschSW,17,7,1,0.9976388,1
BeschSW,17,10,1,0.7975074,1
BeschSW,18,1,0,0.33038452,1
BeschSW,18,3,1,0.62767833,1
BeschSW,18,4,1,0.89481825,1
BeschSW,18,5,1,0.54862773,1
BeschSW,18,6,0,0.3079766,1
BeschSW,18,7,1,0.54804677,1
BeschSW,18,8,0,0.38394937,1
BeschSW,18,9,0,0.36187315,1
BeschSW,18,10,1,0.5723677,1
BeschSW,19,1,1,0.9697381,1
BeschSW,19,2,1,0.53147405,1
BeschSW,19,3,1,0.63861346,1
BeschSW,19,4,0,0.29842114,1
BeschSW,19,5,0,0.322822,1
BeschSW,19,6,0,0.28281656,1
BeschSW,19,7,1,0.98140097,1
BeschSW,19,8,1,0.97607875,1
BeschSW,19,9,0,0.28114766,1
BeschSW,19,10,0,0.31436053,1
BeschSW,20,2,1,0.938237,1
BeschSW,20,3,0,0.14404686,1
BeschSW,20,4,0,0.25984696,1
BeschSW,20,5,0,0.48552656,1
BeschSW,20,6,1,0.79696023,1
BeschSW,20,7,1,0.73454607,1
BeschSW,20,8,0,0.37959313,1
BeschSW,20,9,1,0.70952064,1
BeschSW,21,1,0,0.16592003,1
BeschSW,21,3,0,0.42890215,1
BeschSW,21,4,0,0.34732765,1
BeschSW,21,5,0,0.3305355,1
BeschSW,21,7,0,0.315358,1
BeschSW,21,8,0,0.27903873,1
BeschSW,21,9,0,0.37063828,1
BeschSW,21,10,0,0.3825994,1
BeschSW,22,1,1,0.987094,1
BeschSW,22,2,1,0.97014564,1
BeschSW,22,3,0,0.3202381,1
BeschSW,22,4,0,0.37680194,1
BeschSW,22,5,1,0.9877366,1
BeschSW,22,6,1,0.99450976,1
BeschSW,22,8,0,0.34296164,1
BeschSW,22,9,0,0.36728588,1
BeschSW,22,10,0,0.3569744,1
BeschSW,23,1,1,0.66826034,1
BeschSW,23,2,1,0.6511048,1
BeschSW,23,3,1,0.9342669,1
BeschSW,23,4,1,0.8733809,1
BeschSW,23,5,1,0.92415404,1
BeschSW,23,6,1,0.9121473,1
BeschSW,23,8,1,0.9253474,1
BeschSW,23,9,1,0.7263132,1
BeschSW,23,10,1,0.8947715,1
BeschSW,24,1,0,0.33613354,1
BeschSW,24,2,0,0.35404143,1
BeschSW,24,3,0,0.4496173,1
BeschSW,24,5,0,0.38295025,1
BeschSW,24,7,0,0.28917432,1
BeschSW,24,8,0,0.48291242,1
BeschSW,24,9,0,0.24399684,1
BeschSW,24,10,1,0.9181804,1
BeschSW,25,1,1,0.9542369,1
BeschSW,25,2,1,0.7537512,1
BeschSW,25,4,1,0.70093715,1
BeschSW,25,5,1,0.9034638,1
BeschSW,25,6,1,0.95685005,1
BeschSW,25,7,0,0.33356658,1
BeschSW,25,8,0,0.34701732,1
BeschSW,25,9,0,0.3729678,1
BeschSW,25,10,0,0.34649864,1
BeschSW,26,1,1,0.8715141,1
BeschSW,26,2,0,0.29084095,1
BeschSW,26,3,0,0.3073173,1
BeschSW,26,4,0,0.40152526,1
BeschSW,26,5,0,0.4757532,1
BeschSW,26,6,0,0.32016352,1
BeschSW,26,8,1,0.52819574,1
BeschSW,26,10,1,0.8907619,1
BeschSW,27,1,0,0.36984646,1
BeschSW,27,2,1,0.98696333,1
BeschSW,27,4,0,0.3046108,1
BeschSW,27,5,0,0.3457841,1
BeschSW,27,6,0,0.47437373,1
BeschSW,27,7,0,0.3794276,1
BeschSW,27,8,1,0.6908838,1
BeschSW,27,9,0,0.37822166,1
BeschSW,27,10,1,0.7718782,1
BeschSW,29,1,0,0.41588745,1
BeschSW,29,2,0,0.4919278,1
BeschSW,29,3,0,0.4500392,1
BeschSW,29,4,1,0.6341599,1
BeschSW,29,5,1,0.5710372,1
BeschSW,29,6,1,0.51012427,1
BeschSW,29,8,0,0.3066688,1
BeschSW,29,9,0,0.42817056,1
BeschSW,29,10,0,0.40042356,1
BeschSW,30,1,1,0.99989021,1
BeschSW,30,5,1,0.99133575,1
BeschSW,30,6,1,0.9819895,1
BeschSW,30,8,1,0.79531777,1
BeschSW,30,10,1,0.9848039,1
BeschSW,31,1,0,0.26446474,1
BeschSW,31,2,1,0.613246,1
BeschSW,31,3,0,0.49002492,1
BeschSW,31,4,1,0.60715777,1
BeschSW,31,5,0,0.24514255,1
BeschSW,31,6,0,0.45321575,1
BeschSW,31,7,0,0.36362675,1
BeschSW,31,8,1,0.51850116,1
BeschSW,32,2,0,0.3088603,1
BeschSW,32,3,1,0.6772388,1
BeschSW,32,4,0,0.2435306,1
BeschSW,32,5,1,0.7868434,1
BeschSW,32,6,0,0.31931666,1
BeschSW,32,7,1,0.80880487,1
BeschSW,32,8,0,0.29782292,1
BeschSW,32,10,0,0.30670327,1
BeschSW,33,1,1,0.98101324,1
BeschSW,33,2,1,0.5522587,1
BeschSW,33,3,1,0.90633225,1
BeschSW,33,4,1,0.8180012,1
BeschSW,33,5,1,0.9854593,1
BeschSW,33,6,1,0.89670146,1
BeschSW,33,7,1,0.98282135,1
BeschSW,33,8,1,0.8835348,1
BeschSW,33,9,1,0.9294149,1
BeschSW,33,10,1,0.9922834,1
BeschSW,34,1,0,0.32883042,1
BeschSW,34,2,0,0.48715064,1
BeschSW,34,3,0,0.3241921,1
BeschSW,34,4,1,0.9338654,1
BeschSW,34,5,0,0.45389944,1
BeschSW,34,6,0,0.28470415,1
BeschSW,34,7,0,0.33014113,1
BeschSW,34,8,0,0.3139159,1
BeschSW,34,9,0,0.4182933,1
BeschSW,34,10,0,0.35112375,1
BeschSW,35,3,1,0.96620506,1
BeschSW,35,4,1,0.95834124,1
BeschSW,35,5,0,0.26874873,1
BeschSW,35,6,0,0.17881244,1
BeschSW,35,7,1,0.7220743,1
BeschSW,35,8,0,0.308705,1
BeschSW,35,9,1,0.98811454,1
BeschSW,35,10,0,0.25732097,1
BeschSW,36,1,1,0.7491651,1
BeschSW,36,2,0,0.4036958,1
BeschSW,36,3,0,0.38395518,1
BeschSW,36,4,1,0.7275995,1
BeschSW,36,6,1,0.5958767,1
BeschSW,36,7,0,0.46568576,1
BeschSW,36,8,0,0.30355284,1
BeschSW,36,9,0,0.30899572,1
BeschSW,36,10,0,0.30535647,1
BeschSW,37,1,1,0.57742864,1
BeschSW,37,3,0,0.11041006,1
BeschSW,37,4,1,0.71573913,1
BeschSW,37,5,0,0.42338043,1
BeschSW,37,6,1,0.60194457,1
BeschSW,37,7,1,0.59633523,1
BeschSW,37,9,0,0.36146912,1
BeschSW,37,10,1,0.75336075,1
BeschSW,38,1,1,0.8723403,1
BeschSW,38,2,1,0.8940274,1
BeschSW,38,3,1,0.72659,1
BeschSW,38,5,0,0.25969377,1
BeschSW,38,6,1,0.64318323,1
BeschSW,38,7,1,0.7001834,1
BeschSW,38,8,1,0.59128994,1
BeschSW,38,10,1,0.96407926,1
BeschSW,39,2,1,0.77868634,1
BeschSW,39,4,0,0.43179482,1
BeschSW,39,6,1,0.8823761,1
BeschSW,39,7,1,0.9052935,1
BeschSW,39,9,1,0.70407933,1
BeschSW,39,10,1,0.9433416,1
BeschSW,40,1,0,0.2834248,1
BeschSW,40,2,1,0.972793,1
BeschSW,40,3,1,0.7022802,1
BeschSW,40,6,1,0.99529004,1
BeschSW,40,7,1,0.9089094,1
BeschSW,40,8,1,0.92741156,1
BeschSW,40,9,1,0.50639516,1
BeschSW,40,10,1,0.9913071,1
BeschSW,41,2,1,0.59826034,1
BeschSW,41,3,0,0.2647928,1
BeschSW,41,4,1,0.9531851,1
BeschSW,41,5,0,0.23195347,1
BeschSW,41,6,0,0.289192,1
BeschSW,41,7,0,0.44583198,1
BeschSW,41,8,1,0.72485816,1
BeschSW,41,9,1,0.6335401,1
BeschSW,41,10,1,0.97128433,1
BeschSW,42,1,1,0.9948095,1
BeschSW,42,2,1,0.9948836,1
BeschSW,42,3,0,0.295561,1
BeschSW,42,4,1,0.6704395,1
BeschSW,42,7,0,0.34583366,1
BeschSW,42,8,1,0.99766684,1
BeschSW,42,9,0,0.26093704,1
BeschSW,42,10,1,0.61426353,1
BeschSW,43,2,1,0.9965109,1
BeschSW,43,3,1,0.7918924,1
BeschSW,43,4,0,0.2301345,1
BeschSW,43,5,1,0.9962574,1
BeschSW,43,6,0,0.20785078,1
BeschSW,43,7,1,0.82060325,1
BeschSW,43,8,0,0.16546139,1
BeschSW,43,9,1,0.94226813,1
BeschSW,43,10,0,0.44244295,1
BeschSW,44,1,1,0.99986637,1
BeschSW,44,3,1,0.99972183,1
BeschSW,44,4,1,0.82787365,1
BeschSW,44,6,1,0.99626046,1
BeschSW,44,7,1,0.72425014,1
BeschSW,44,8,1,0.9947054,1
BeschSW,44,9,1,0.9985972,1
BeschSW,44,10,1,0.7645998,1
BeschSW,45,2,0,0.3471756,1
BeschSW,45,5,1,0.53991926,1
BeschSW,45,6,1,0.8923224,1
BeschSW,45,7,1,0.88365924,1
BeschSW,45,8,1,0.6434302,1
BeschSW,45,9,1,0.50357836,1
BeschSW,45,10,0,0.46337563,1
BeschSW,46,1,0,0.35785997,1
BeschSW,46,2,1,0.9940163,1
BeschSW,46,3,0,0.22349279,1
BeschSW,46,4,0,0.40077516,1
BeschSW,46,5,1,0.8678996,1
BeschSW,46,6,1,0.8841902,1
BeschSW,46,7,1,0.9955373,1
BeschSW,46,9,0,0.2582481,1
BeschSW,46,10,1,0.9973002,1
BeschSW,47,2,1,0.7556824,1
BeschSW,47,3,0,0.32710433,1
BeschSW,47,4,1,0.90528333,1
BeschSW,47,5,1,0.9363847,1
BeschSW,47,6,1,0.92528164,1
BeschSW,47,7,1,0.9374613,1
BeschSW,47,10,0,0.28809008,1
BeschSW,48,1,1,0.99899143,1
BeschSW,48,3,1,0.8278421,1
BeschSW,48,4,1,0.95521116,1
BeschSW,48,5,1,0.98520744,1
BeschSW,48,6,1,0.97636455,1
BeschSW,48,7,1,0.99755704,1
BeschSW,48,8,1,0.99921811,1
BeschSW,48,9,1,0.99944156,1
BeschSW,49,2,1,0.88252264,1
BeschSW,49,3,1,0.90532565,1
BeschSW,49,4,1,0.655367,1
BeschSW,49,5,1,0.5616568,1
BeschSW,49,6,1,0.8828642,1
BeschSW,49,7,1,0.83437735,1
BeschSW,49,8,1,0.97850263,1
BeschSW,49,10,0,0.359235,1
BeschSW,50,2,1,0.99866366,1
BeschSW,50,4,1,0.9810932,1
BeschSW,50,5,1,0.99703884,1
BeschSW,50,6,1,0.94820946,1
BeschSW,50,7,1,0.93217266,1
BeschSW,50,8,1,0.9954236,1
BeschSW,50,10,1,0.9846182,1
BeschSW,51,1,1,0.77551246,1
BeschSW,51,2,0,0.23889753,1
BeschSW,51,3,0,0.29271382,1
BeschSW,51,5,0,0.3647918,1
BeschSW,51,6,1,0.99607134,1
BeschSW,51,7,1,0.80759394,1
BeschSW,51,8,1,0.9848225,1
BeschSW,52,1,1,0.99771714,1
BeschSW,52,2,1,0.9679887,1
BeschSW,52,3,0,0.29113087,1
BeschSW,52,4,0,0.31092137,1
BeschSW,52,5,1,0.9903314,1
BeschSW,52,6,0,0.2877169,1
BeschSW,52,7,1,0.993134,1
BeschSW,52,8,0,0.32928935,1
BeschSW,52,9,1,0.99767655,1
BeschSW,52,10,1,0.99630415,1
BeschSW,53,1,0,0.25077602,1
BeschSW,53,5,1,0.6237682,1
BeschSW,53,6,1,0.79152864,1
BeschSW,53,7,1,0.6590176,1
BeschSW,53,9,0,0.26196235,1
BeschSW,53,10,1,0.98686475,1
BeschSW,54,2,1,0.99917173,1
BeschSW,54,3,1,0.99755883,1
BeschSW,54,5,1,0.9398354,1
BeschSW,54,6,1,0.9603396,1
BeschSW,54,7,1,0.94340336,1
BeschSW,54,8,0,0.22066781,1
BeschSW,54,9,0,0.33085328,1
BeschSW,54,10,0,0.2761167,1
BeschSW,55,1,1,0.58836794,1
BeschSW,55,2,0,0.3740915,1
BeschSW,55,3,1,0.90173566,1
BeschSW,55,4,1,0.68076986,1
BeschSW,55,5,0,0.35593396,1
BeschSW,55,6,1,0.9554204,1
BeschSW,55,7,0,0.301941,1
BeschSW,55,9,1,0.6852996,1
BeschSW,55,10,1,0.94384515,1
BeschSW,56,1,1,0.9776815,1
BeschSW,56,2,1,0.86486983,1
BeschSW,56,3,1,0.82527226,1
BeschSW,56,5,1,0.8925268,1
BeschSW,56,6,1,0.9631248,1
BeschSW,56,8,1,0.5987967,1
BeschSW,56,9,0,0.3921521,1
BeschSW,56,10,1,0.97757626,1
BeschSW,57,1,1,0.65825117,1
BeschSW,57,2,0,0.32018977,1
BeschSW,57,3,0,0.30152845,1
BeschSW,57,4,1,0.67416716,1
BeschSW,57,5,0,0.29423073,1
BeschSW,57,6,0,0.33941805,1
BeschSW,57,7,0,0.34796193,1
BeschSW,57,8,1,0.6945401,1
BeschSW,57,9,1,0.73066354,1
BeschSW,57,10,0,0.4312466,1
BeschSW,58,1,0,0.30325422,1
BeschSW,58,2,0,0.26879022,1
BeschSW,58,3,1,0.9431294,1
BeschSW,58,4,0,0.2760724,1
BeschSW,58,5,1,0.7353036,1
BeschSW,58,7,1,0.5699601,1
BeschSW,58,9,1,0.95590144,1
BeschSW,58,10,0,0.2731109,1
BeschSW,59,1,1,0.8586965,1
BeschSW,59,2,1,0.72800213,1
BeschSW,59,4,1,0.5180791,1
BeschSW,59,5,1,0.8887597,1
BeschSW,59,6,1,0.9396938,1
BeschSW,59,7,0,0.30382237,1
BeschSW,59,8,1,0.9095031,1
BeschSW,59,9,0,0.4584221,1
BeschSW,59,10,1,0.91713685,1
BeschSW,60,1,1,0.73672533,1
BeschSW,60,2,0,0.37467602,1
BeschSW,60,3,0,0.44401485,1
BeschSW,60,4,0,0.38165513,1
BeschSW,60,5,1,0.9535214,1
BeschSW,60,6,1,0.96017265,1
BeschSW,60,7,0,0.36313313,1
BeschSW,60,8,1,0.5902081,1
BeschSW,60,10,0,0.38366374,1
BeschSW,61,1,1,0.9856698,1
BeschSW,61,2,1,0.9234369,1
BeschSW,61,3,1,0.9969068,1
BeschSW,61,4,0,0.3302476,1
BeschSW,61,5,0,0.26767406,1
BeschSW,61,6,1,0.9848445,1
BeschSW,61,7,0,0.23442699,1
BeschSW,61,9,0,0.2631985,1
BeschSW,62,1,1,0.9654148,1
BeschSW,62,2,1,0.9267566,1
BeschSW,62,3,1,0.711423,1
BeschSW,62,4,1,0.7775297,1
BeschSW,62,5,0,0.05401009,1
BeschSW,62,6,0,0.09196495,1
BeschSW,62,7,0,0.1827369,1
BeschSW,62,8,1,0.96252793,1
BeschSW,62,9,1,0.9740084,1
BeschSW,62,10,0,0.23694988,1
BeschSW,63,1,1,0.5234801,1
BeschSW,63,2,1,0.9791734,1
BeschSW,63,3,0,0.2338827,1
BeschSW,63,5,0,0.29127318,1
BeschSW,63,8,1,0.8996659,1
BeschSW,63,9,1,0.6819489,1
BeschSW,63,10,0,0.30443025,1
BeschSW,64,1,0,0.2917914,1
BeschSW,64,2,1,0.8503621,1
BeschSW,64,3,1,0.8490147,1
BeschSW,64,4,0,0.3025547,1
BeschSW,64,7,1,0.6323385,1
BeschSW,64,8,1,0.89201975,1
BeschSW,64,9,1,0.77870643,1
BeschSW,64,10,1,0.8907507,1
BeschSW,65,2,1,0.9705767,1
BeschSW,65,3,1,0.9680787,1
BeschSW,65,4,1,0.9821504,1
BeschSW,65,5,1,0.9845062,1
BeschSW,65,6,0,0.42535102,1
BeschSW,65,8,1,0.9699185,1
BeschSW,65,9,1,0.9834763,1
BeschSW,65,10,1,0.985849,1
BeschSW,66,1,0,0.37569386,1
BeschSW,66,2,0,0.1762251,1
BeschSW,66,3,1,0.91321635,1
BeschSW,66,5,1,0.946774,1
BeschSW,66,6,1,0.5894154,1
BeschSW,66,7,1,0.86257595,1
BeschSW,66,8,1,0.68458545,1
BeschSW,66,9,1,0.72639763,1
BeschSW,66,10,0,0.23466736,1
BeschSW,67,1,1,0.9616226,1
BeschSW,67,2,1,0.59008944,1
BeschSW,67,4,1,0.82736593,1
BeschSW,67,5,0,0.3755414,1
BeschSW,67,6,1,0.9670109,1
BeschSW,67,7,1,0.672885,1
BeschSW,67,8,1,0.96129644,1
BeschSW,67,9,1,0.9223209,1
BeschSW,67,10,1,0.5389178,1
BeschSW,68,1,0,0.32458803,1
BeschSW,68,2,0,0.42622197,1
BeschSW,68,6,1,0.8838776,1
BeschSW,68,7,1,0.92255116,1
BeschSW,68,9,1,0.9611901,1
BeschSW,69,1,0,0.23693565,1
BeschSW,69,4,0,0.30993178,1
BeschSW,69,5,1,0.82302076,1
BeschSW,69,6,1,0.8074853,1
BeschSW,69,7,0,0.24805021,1
BeschSW,69,8,0,0.2940743,1
BeschSW,69,9,0,0.23085633,1
BeschSW,69,10,1,0.9766517,1
BeschSW,70,1,0,0.39202416,1
BeschSW,70,2,1,0.58865225,1
BeschSW,70,3,1,0.55946904,1
BeschSW,70,4,1,0.7247917,1
BeschSW,70,5,0,0.3988194,1
BeschSW,70,6,1,0.65216297,1
BeschSW,70,7,1,0.62421715,1
BeschSW,70,8,1,0.54450524,1
BeschSW,70,9,0,0.3609804,1
BeschSW,70,10,0,0.4181388,1
BeschSW,71,1,0,0.30466652,1
BeschSW,71,2,0,0.46488136,1
BeschSW,71,3,1,0.5031319,1
BeschSW,71,4,1,0.6866076,1
BeschSW,71,5,0,0.28763252,1
BeschSW,71,6,1,0.91012573,1
BeschSW,71,7,0,0.43650636,1
BeschSW,71,8,0,0.30807528,1
BeschSW,71,9,0,0.30224726,1
BeschSW,71,10,0,0.43387032,1
BeschSW,72,1,1,0.8705653,1
BeschSW,72,3,1,0.5589154,1
BeschSW,72,4,1,0.88724154,1
BeschSW,72,5,1,0.8290537,1
BeschSW,72,6,1,0.75164753,1
BeschSW,72,10,0,0.48411363,1
BeschSW,73,2,0,0.19840302,1
BeschSW,73,3,1,0.8388892,1
BeschSW,73,4,1,0.79687023,1
BeschSW,73,5,1,0.7541125,1
BeschSW,73,6,1,0.87454915,1
BeschSW,73,7,0,0.46329516,1
BeschSW,73,8,1,0.596326,1
BeschSW,73,9,0,0.2983237,1
BeschSW,74,1,1,0.7518413,1
BeschSW,74,2,0,0.3153826,1
BeschSW,74,3,0,0.49075258,1
BeschSW,74,4,0,0.32718295,1
BeschSW,74,5,0,0.3402382,1
BeschSW,75,1,0,0.45163956,1
BeschSW,75,2,0,0.31027627,1
BeschSW,75,3,1,0.53668374,1
BeschSW,75,5,1,0.5041465,1
BeschSW,75,6,1,0.6231212,1
BeschSW,75,7,0,0.47215727,1
BeschSW,75,8,1,0.63974535,1
BeschSW,75,9,0,0.46772322,1
BeschSW,75,10,0,0.37948295,1
KratzerSW,1,1,0,0.3963748,1
KratzerSW,1,2,1,0.6840187,1
KratzerSW,1,3,0,0.4717161,1
KratzerSW,1,4,0,0.461574,1
KratzerSW,1,5,0,0.42506424,1
KratzerSW,1,6,0,0.3409509,1
KratzerSW,1,7,1,0.627816,1
KratzerSW,1,8,1,0.66581815,1
KratzerSW,1,9,0,0.3989319,1
KratzerSW,1,10,0,0.33836988,1
KratzerSW,2,1,1,0.66029865,1
KratzerSW,2,2,1,0.8859625,1
KratzerSW,2,3,1,0.8629808,1
KratzerSW,2,4,1,0.8896104,1
KratzerSW,2,5,1,0.929502,1
KratzerSW,2,6,1,0.8903461,1
KratzerSW,2,7,1,0.9093952,1
KratzerSW,2,8,1,0.9403894,1
KratzerSW,2,10,1,0.93494034,1
KratzerSW,3,1,0,0.3623435,1
KratzerSW,3,2,0,0.31622493,1
KratzerSW,3,3,0,0.3783239,1
KratzerSW,3,4,1,0.64334935,1
KratzerSW,3,5,1,0.60122985,1
KratzerSW,3,6,0,0.41583177,1
KratzerSW,3,8,0,0.34426957,1
KratzerSW,3,10,0,0.31346852,1
KratzerSW,4,1,0,0.249608,1
KratzerSW,4,2,0,0.34522602,1
KratzerSW,4,3,0,0.25904688,1
KratzerSW,4,5,0,0.34891018,1
KratzerSW,4,6,0,0.4962317,1
KratzerSW,4,7,0,0.25362113,1
KratzerSW,4,8,0,0.35817745,1
KratzerSW,4,9,0,0.32029086,1
KratzerSW,5,3,1,0.7971017,1
KratzerSW,5,4,1,0.8801182,1
KratzerSW,5,5,1,0.7334696,1
KratzerSW,5,6,1,0.57734275,1
KratzerSW,5,7,1,0.6970253,1
KratzerSW,5,8,0,0.2753332,1
KratzerSW,5,9,1,0.64877653,1
KratzerSW,5,10,1,0.7421334,1
KratzerSW,6,1,0,0.42877972,1
KratzerSW,6,2,1,0.51333314,1
KratzerSW,6,3,0,0.39863244,1
KratzerSW,6,4,0,0.34086746,1
KratzerSW,6,5,0,0.39638248,1
KratzerSW,6,6,0,0.20213644,1
KratzerSW,6,7,0,0.29897022,1
KratzerSW,6,8,0,0.43735793,1
KratzerSW,6,10,1,0.5114204,1
KratzerSW,7,2,0,0.4221545,1
KratzerSW,7,3,1,0.9326866,1
KratzerSW,7,4,1,0.5418097,1
KratzerSW,7,5,1,0.78543067,1
KratzerSW,7,6,1,0.96666294,1
KratzerSW,7,7,0,0.430327,1
KratzerSW,7,8,1,0.8253959,1
KratzerSW,7,9,0,0.4200648,1
KratzerSW,7,10,1,0.7578768,1
KratzerSW,8,1,1,0.7902646,1
KratzerSW,8,2,0,0.35724473,1
KratzerSW,8,3,0,0.39491922,1
KratzerSW,8,4,1,0.6098824,1
KratzerSW,8,5,1,0.5307647,1
KratzerSW,8,6,0,0.23927821,1
KratzerSW,8,7,1,0.8850689,1
KratzerSW,8,8,1,0.69745463,1
KratzerSW,8,9,0,0.42463776,1
KratzerSW,8,10,0,0.38217577,1
KratzerSW,9,2,0,0.4024708,1
KratzerSW,9,3,1,0.86617047,1
KratzerSW,9,4,0,0.3613365,1
KratzerSW,9,5,0,0.31223708,1
KratzerSW,9,6,0,0.33469713,1
KratzerSW,9,7,1,0.56261694,1
KratzerSW,9,8,1,0.5661997,1
KratzerSW,9,9,1,0.5011983,1
KratzerSW,9,10,1,0.7024914,1
KratzerSW,10,1,1,0.80773675,1
KratzerSW,10,2,1,0.676071,1
KratzerSW,10,5,1,0.8292411,1
KratzerSW,10,6,1,0.84885824,1
KratzerSW,10,7,1,0.87695473,1
KratzerSW,11,1,1,0.986005,1
KratzerSW,11,3,1,0.98288697,1
KratzerSW,11,5,1,0.99876475,1
KratzerSW,11,6,1,0.97851324,1
KratzerSW,11,7,0,0.3970284,1
KratzerSW,11,8,1,0.99876773,1
KratzerSW,11,9,0,0.35533166,1
KratzerSW,11,10,1,0.9223148,1
KratzerSW,12,1,0,0.34486538,1
KratzerSW,12,2,1,0.5669952,1
KratzerSW,12,4,1,0.5367174,1
KratzerSW,12,5,0,0.39651424,1
KratzerSW,12,6,0,0.30802318,1
KratzerSW,12,7,1,0.55643505,1
KratzerSW,12,8,1,0.5968568,1
KratzerSW,12,10,1,0.6537763,1
KratzerSW,13,1,1,0.7105385,1
KratzerSW,13,2,0,0.26090395,1
KratzerSW,13,3,1,0.97061914,1
KratzerSW,13,4,1,0.889982,1
KratzerSW,13,5,1,0.95932496,1
KratzerSW,13,6,1,0.65967333,1
KratzerSW,13,7,1,0.9735714,1
KratzerSW,13,8,1,0.9608946,1
KratzerSW,13,9,0,0.49246532,1
KratzerSW,14,1,1,0.5750171,1
KratzerSW,14,2,1,0.5022203,1
KratzerSW,14,3,1,0.7705286,1
KratzerSW,14,4,0,0.46064243,1
KratzerSW,14,5,1,0.6244028,1
KratzerSW,14,6,1,0.71182376,1
KratzerSW,14,7,1,0.67708033,1
KratzerSW,14,8,1,0.7292546,1
KratzerSW,14,9,1,0.6232588,1
KratzerSW,14,10,1,0.5915607,1
KratzerSW,15,1,1,0.5693282,1
KratzerSW,15,2,0,0.42636114,1
KratzerSW,15,3,1,0.79500204,1
KratzerSW,15,4,1,0.85665894,1
KratzerSW,15,6,0,0.34289512,1
KratzerSW,15,7,1,0.5444538,1
KratzerSW,15,9,1,0.76353973,1
KratzerSW,15,10,1,0.84646297,1
KratzerSW,16,1,1,0.817832,1
KratzerSW,16,3,0,0.28727105,1
KratzerSW,16,5,0,0.27398947,1
KratzerSW,16,6,0,0.368009,1
KratzerSW,16,7,0,0.34572107,1
KratzerSW,16,9,1,0.95037925,1
KratzerSW,16,10,1,0.58921754,1
KratzerSW,17,1,1,0.99980372,1
KratzerSW,17,2,1,0.99999642,1
KratzerSW,17,3,1,0.9968088,1
KratzerSW,17,4,1,0.99999261,1
KratzerSW,17,7,1,0.99999952,1
KratzerSW,17,8,1,0.99916863,1
KratzerSW,17,9,1,0.99999893,1
KratzerSW,18,1,0,0.33056042,1
KratzerSW,18,2,1,0.598171,1
KratzerSW,18,3,1,0.9572259,1
KratzerSW,18,4,0,0.44918448,1
KratzerSW,18,5,0,0.40712053,1
KratzerSW,18,6,1,0.94840765,1
KratzerSW,18,7,1,0.6531374,1
KratzerSW,18,8,0,0.41230002,1
KratzerSW,18,10,1,0.94571775,1
KratzerSW,19,1,0,0.13317317,1
KratzerSW,19,2,1,0.83844495,1
KratzerSW,19,4,1,0.6081331,1
KratzerSW,19,5,1,0.817427,1
KratzerSW,19,6,0,0.20045298,1
KratzerSW,19,7,1,0.5614364,1
KratzerSW,19,9,0,0.26812145,1
KratzerSW,19,10,1,0.91807246,1
KratzerSW,20,1,1,0.96227014,1
KratzerSW,20,2,1,0.97895926,1
KratzerSW,20,3,0,0.43128175,1
KratzerSW,20,4,1,0.9858379,1
KratzerSW,20,5,1,0.9773787,1
KratzerSW,20,6,1,0.9752104,1
KratzerSW,20,7,0,0.4535327,1
KratzerSW,20,8,0,0.29104003,1
KratzerSW,20,9,1,0.59708345,1
KratzerSW,20,10,0,0.29910004,1
KratzerSW,21,1,0,0.3165575,1
KratzerSW,21,3,0,0.3321882,1
KratzerSW,21,5,0,0.29959488,1
KratzerSW,21,7,0,0.42354828,1
KratzerSW,21,8,1,0.77133477,1
KratzerSW,21,9,1,0.5574897,1
KratzerSW,22,1,1,0.5440281,1
KratzerSW,22,2,0,0.45859858,1
KratzerSW,22,3,0,0.3225919,1
KratzerSW,22,4,1,0.83843553,1
KratzerSW,22,5,1,0.7078124,1
KratzerSW,22,6,0,0.32856366,1
KratzerSW,22,7,1,0.6693936,1
KratzerSW,22,8,1,0.5621424,1
KratzerSW,23,1,0,0.27904317,1
KratzerSW,23,2,0,0.3576891,1
KratzerSW,23,3,0,0.32736617,1
KratzerSW,23,4,0,0.23239383,1
KratzerSW,23,5,0,0.2809119,1
KratzerSW,23,7,0,0.34663206,1
KratzerSW,23,8,0,0.35485476,1
KratzerSW,23,10,0,0.3783974,1
KratzerSW,24,1,1,0.9827193,1
KratzerSW,24,2,1,0.9991442,1
KratzerSW,24,3,1,0.9878732,1
KratzerSW,24,4,1,0.98643714,1
KratzerSW,24,5,1,0.99942505,1
KratzerSW,24,6,0,0.23452377,1
KratzerSW,24,7,1,0.9734374,1
KratzerSW,24,8,1,0.5527373,1
KratzerSW,24,9,0,0.28879628,1
KratzerSW,24,10,1,0.8164437,1
KratzerSW,25,1,1,0.66612005,1
KratzerSW,25,2,1,0.6570757,1
KratzerSW,25,3,1,0.94624174,1
KratzerSW,25,4,1,0.6155424,1
KratzerSW,25,5,1,0.959834,1
KratzerSW,25,6,1,0.6777037,1
KratzerSW,25,8,1,0.93080705,1
KratzerSW,25,9,1,0.9229023,1
KratzerSW,25,10,1,0.9524621,1
KratzerSW,26,1,1,0.96673286,1
KratzerSW,26,2,1,0.9912936,1
KratzerSW,26,3,1,0.9748746,1
KratzerSW,26,4,0,0.2829895,1
KratzerSW,26,5,1,0.99887997,1
KratzerSW,26,8,0,0.31260714,1
KratzerSW,26,9,1,0.99962115,1
KratzerSW,26,10,1,0.9990264,1
KratzerSW,27,1,1,0.90428424,1
KratzerSW,27,2,1,0.98221993,1
KratzerSW,27,3,1,0.9889548,1
KratzerSW,27,4,0,0.36632723,1
KratzerSW,27,5,1,0.90104294,1
KratzerSW,27,7,1,0.99189657,1
KratzerSW,27,8,1,0.98664653,1
KratzerSW,27,9,1,0.97674316,1
KratzerSW,27,10,1,0.93906254,1
KratzerSW,28,1,0,0.28417972,1
KratzerSW,28,2,0,0.3865257,1
KratzerSW,28,4,0,0.37550804,1
KratzerSW,28,7,0,0.3975204,1
KratzerSW,28,8,0,0.38075697,1
KratzerSW,28,9,0,0.2530644,1
KratzerSW,28,10,0,0.43317464,1
KratzerSW,29,1,1,0.92897487,1
KratzerSW,29,2,0,0.47346213,1
KratzerSW,29,3,0,0.2900519,1
KratzerSW,29,4,1,0.8387496,1
KratzerSW,29,5,1,0.7038158,1
KratzerSW,29,6,1,0.75242305,1
KratzerSW,29,7,0,0.43068963,1
KratzerSW,29,8,1,0.981818,1
KratzerSW,29,9,1,0.9452356,1
KratzerSW,29,10,1,0.6305019,1
KratzerSW,30,1,0,0.28503597,1
KratzerSW,30,2,0,0.31779152,1
KratzerSW,30,3,0,0.39686677,1
KratzerSW,30,4,0,0.28333527,1
KratzerSW,30,5,0,0.32929957,1
KratzerSW,30,6,0,0.32413685,1
KratzerSW,30,8,0,0.25638285,1
KratzerSW,30,9,0,0.29720664,1
KratzerSW,30,10,0,0.3725306,1
KratzerSW,31,1,0,0.27626273,1
KratzerSW,31,2,0,0.3580632,1
KratzerSW,31,3,1,0.9543407,1
KratzerSW,31,4,0,0.36347076,1
KratzerSW,31,5,0,0.23574366,1
KratzerSW,31,6,1,0.98561597,1
KratzerSW,31,7,1,0.9936639,1
KratzerSW,31,8,1,0.582695,1
KratzerSW,31,9,0,0.23629951,1
KratzerSW,31,10,1,0.9300217,1
KratzerSW,32,1,1,0.9985663,1
KratzerSW,32,2,0,0.31342226,1
KratzerSW,32,4,0,0.24142437,1
KratzerSW,32,6,0,0.3647567,1
KratzerSW,32,7,1,0.99968648,1
KratzerSW,32,8,0,0.38846868,1
KratzerSW,32,10,1,0.99976128,1
KratzerSW,33,1,1,0.9872432,1
KratzerSW,33,2,0,0.31037372,1
KratzerSW,33,3,0,0.2852822,1
KratzerSW,33,4,0,0.2932112,1
KratzerSW,33,5,0,0.24134357,1
KratzerSW,33,6,1,0.9748589,1
KratzerSW,33,7,1,0.99847406,1
KratzerSW,33,8,1,0.83061486,1
KratzerSW,33,9,1,0.95846593,1
KratzerSW,33,10,0,0.29509017,1
KratzerSW,34,1,1,0.91059875,1
KratzerSW,34,2,1,0.7837275,1
KratzerSW,34,3,0,0.35874134,1
KratzerSW,34,4,1,0.8407922,1
KratzerSW,34,5,1,0.80272406,1
KratzerSW,34,6,0,0.31154174,1
KratzerSW,34,7,0,0.31362966,1
KratzerSW,34,8,1,0.90105504,1
KratzerSW,34,9,0,0.33438691,1
KratzerSW,34,10,1,0.6141548,1
KratzerSW,36,1,0,0.3796682,1
KratzerSW,36,2,0,0.23184153,1
KratzerSW,36,4,1,0.52178955,1
KratzerSW,36,5,0,0.2334946,1
KratzerSW,36,6,0,0.23728508,1
KratzerSW,36,7,1,0.60152495,1
KratzerSW,36,8,1,0.63983625,1
KratzerSW,36,9,0,0.32511497,1
KratzerSW,37,1,0,0.37945753,1
KratzerSW,37,2,1,0.59537274,1
KratzerSW,37,3,0,0.3220126,1
KratzerSW,37,4,1,0.57366395,1
KratzerSW,37,6,0,0.394501,1
KratzerSW,37,7,0,0.3276835,1
KratzerSW,37,9,1,0.6929106,1
KratzerSW,37,10,0,0.29465714,1
KratzerSW,38,1,1,0.93561697,1
KratzerSW,38,2,1,0.7633487,1
KratzerSW,38,3,1,0.92410666,1
KratzerSW,38,7,1,0.8381739,1
KratzerSW,38,8,1,0.949723,1
KratzerSW,38,9,1,0.84201413,1
KratzerSW,38,10,1,0.9057365,1
KratzerSW,39,2,0,0.304837,1
KratzerSW,39,3,1,0.8646863,1
KratzerSW,39,4,1,0.7774846,1
KratzerSW,39,5,1,0.87773633,1
KratzerSW,39,6,0,0.38119772,1
KratzerSW,39,7,1,0.7434082,1
KratzerSW,39,8,1,0.80623335,1
KratzerSW,39,9,1,0.8914589,1
KratzerSW,39,10,1,0.9274181,1
KratzerSW,40,1,0,0.3287888,1
KratzerSW,40,3,0,0.2871102,1
KratzerSW,40,5,1,0.57741404,1
KratzerSW,40,6,0,0.29258084,1
KratzerSW,40,7,0,0.28603622,1
KratzerSW,40,8,0,0.31150877,1
KratzerSW,40,9,0,0.35181117,1
KratzerSW,40,10,0,0.29432565,1
KratzerSW,41,1,1,0.9994282,1
KratzerSW,41,3,0,0.35487515,1
KratzerSW,41,4,1,0.9966725,1
KratzerSW,41,5,1,0.9969862,1
KratzerSW,41,6,1,0.99955958,1
KratzerSW,41,8,1,0.997428,1
KratzerSW,41,9,1,0.76886606,1
KratzerSW,41,10,1,0.99914217,1
KratzerSW,42,2,0,0.25561884,1
KratzerSW,42,3,0,0.3010392,1
KratzerSW,42,4,0,0.28769314,1
KratzerSW,42,5,1,0.5652734,1
KratzerSW,42,6,0,0.3266988,1
KratzerSW,42,7,0,0.26086622,1
KratzerSW,42,8,0,0.4388064,1
KratzerSW,42,9,0,0.28555387,1
KratzerSW,42,10,0,0.40273464,1
KratzerSW,43,1,1,0.9604607,1
KratzerSW,43,2,0,0.35039958,1
KratzerSW,43,3,1,0.78648055,1
KratzerSW,43,4,1,0.7045622,1
KratzerSW,43,5,0,0.32107505,1
KratzerSW,43,6,1,0.5308911,1
KratzerSW,43,7,1,0.7641079,1
KratzerSW,43,8,0,0.3002427,1
KratzerSW,43,9,1,0.6426342,1
KratzerSW,43,10,1,0.9686608,1
KratzerSW,44,1,1,0.55761343,1
KratzerSW,44,2,0,0.4167258,1
KratzerSW,44,3,0,0.42536354,1
KratzerSW,44,6,0,0.34031042,1
KratzerSW,44,7,1,0.6658902,1
KratzerSW,44,8,0,0.41400984,1
KratzerSW,44,9,1,0.54023546,1
KratzerSW,44,10,0,0.35638344,1
KratzerSW,45,2,0,0.3866553,1
KratzerSW,45,3,1,0.5388248,1
KratzerSW,45,4,1,0.5392851,1
KratzerSW,45,5,0,0.43126822,1
KratzerSW,45,6,0,0.38538507,1
KratzerSW,45,7,1,0.59321165,1
KratzerSW,45,8,1,0.62743,1
KratzerSW,45,9,0,0.3893928,1
KratzerSW,45,10,0,0.38522977,1
KratzerSW,46,1,1,0.958789,1
KratzerSW,46,2,1,0.9565309,1
KratzerSW,46,3,1,0.96921283,1
KratzerSW,46,4,1,0.9691919,1
KratzerSW,46,5,1,0.95419836,1
KratzerSW,46,6,1,0.9623189,1
KratzerSW,46,7,0,0.25316235,1
KratzerSW,46,8,1,0.96742535,1
KratzerSW,46,9,1,0.93321854,1
KratzerSW,46,10,1,0.50410765,1
KratzerSW,47,1,1,0.998379,1
KratzerSW,47,2,1,0.99926323,1
KratzerSW,47,3,1,0.9994691,1
KratzerSW,47,6,1,0.99659026,1
KratzerSW,47,7,1,0.95670843,1
KratzerSW,47,8,1,0.99886984,1
KratzerSW,47,10,1,0.9970688,1
KratzerSW,48,3,1,0.9769961,1
KratzerSW,48,5,1,0.9958533,1
KratzerSW,48,7,1,0.9769323,1
KratzerSW,48,8,0,0.3170248,1
KratzerSW,48,9,0,0.33080092,1
KratzerSW,48,10,1,0.99714476,1
KratzerSW,49,1,1,0.78308976,1
KratzerSW,49,2,0,0.3316975,1
KratzerSW,49,3,1,0.9833535,1
KratzerSW,49,4,0,0.32242933,1
KratzerSW,49,5,0,0.30676755,1
KratzerSW,49,6,1,0.9801098,1
KratzerSW,49,7,1,0.96875036,1
KratzerSW,49,8,0,0.27147308,1
KratzerSW,49,9,0,0.31796363,1
KratzerSW,50,1,1,0.9962231,1
KratzerSW,50,3,1,0.99804795,1
KratzerSW,50,4,1,0.99424225,1
KratzerSW,50,5,1,0.9952247,1
KratzerSW,50,6,1,0.9930842,1
KratzerSW,50,7,1,0.99978787,1
KratzerSW,50,8,0,0.29321823,1
KratzerSW,50,10,1,0.9948453,1
KratzerSW,51,1,1,0.85693127,1
KratzerSW,51,2,1,0.96078014,1
KratzerSW,51,3,1,0.9824346,1
KratzerSW,51,4,0,0.37344477,1
KratzerSW,51,5,0,0.42706925,1
KratzerSW,51,6,1,0.81819856,1
KratzerSW,51,7,0,0.4022205,1
KratzerSW,51,8,0,0.46932495,1
KratzerSW,51,9,1,0.9668687,1
KratzerSW,51,10,1,0.8702824,1
KratzerSW,52,1,1,0.8432795,1
KratzerSW,52,3,0,0.43404862,1
KratzerSW,52,4,1,0.5667474,1
KratzerSW,52,5,0,0.4637416,1
KratzerSW,52,8,0,0.31838977,1
KratzerSW,52,9,0,0.37095743,1
KratzerSW,52,10,1,0.5647127,1
KratzerSW,53,1,1,0.9997434,1
KratzerSW,53,2,1,0.986099,1
KratzerSW,53,3,1,0.9342491,1
KratzerSW,53,4,1,0.8178082,1
KratzerSW,53,5,1,0.9911834,1
KratzerSW,53,6,1,0.51765066,1
KratzerSW,53,7,1,0.99447745,1
KratzerSW,53,8,1,0.99992478,1
KratzerSW,53,9,1,0.93675584,1
KratzerSW,53,10,1,0.99992692,1
KratzerSW,54,1,1,0.9148029,1
KratzerSW,54,2,1,0.9324043,1
KratzerSW,54,3,1,0.9306602,1
KratzerSW,54,4,1,0.5956616,1
KratzerSW,54,5,1,0.92911625,1
KratzerSW,54,6,1,0.95378655,1
KratzerSW,54,7,1,0.9504515,1
KratzerSW,54,8,1,0.5991388,1
KratzerSW,54,9,0,0.2672213,1
KratzerSW,54,10,1,0.5616344,1
KratzerSW,55,1,1,0.81319225,1
KratzerSW,55,3,1,0.94601196,1
KratzerSW,55,5,0,0.41474304,1
KratzerSW,55,6,0,0.33882844,1
KratzerSW,55,8,0,0.33736297,1
KratzerSW,55,9,1,0.565425,1
KratzerSW,56,1,1,0.9654116,1
KratzerSW,56,2,1,0.99986041,1
KratzerSW,56,3,1,0.99555355,1
KratzerSW,56,4,1,0.9949822,1
KratzerSW,56,5,1,0.9962441,1
KratzerSW,56,8,1,0.999471,1
KratzerSW,56,10,1,0.9670168,1
KratzerSW,57,1,1,0.5292254,1
KratzerSW,57,2,1,0.9075959,1
KratzerSW,57,3,1,0.9390675,1
KratzerSW,57,4,1,0.6252397,1
KratzerSW,57,5,1,0.9452429,1
KratzerSW,57,6,1,0.5798695,1
KratzerSW,57,7,1,0.63003707,1
KratzerSW,57,8,0,0.28954443,1
KratzerSW,57,9,1,0.67873806,1
KratzerSW,57,10,1,0.6174338,1
KratzerSW,58,1,0,0.3482391,1
KratzerSW,58,2,0,0.32115683,1
KratzerSW,58,3,1,0.56056917,1
KratzerSW,58,4,1,0.5798395,1
KratzerSW,58,5,0,0.37438688,1
KratzerSW,58,6,1,0.5483035,1
KratzerSW,58,7,1,0.550428,1
KratzerSW,58,8,0,0.3643699,1
KratzerSW,58,10,1,0.95080256,1
KratzerSW,59,1,0,0.46364862,1
KratzerSW,59,2,0,0.28562817,1
KratzerSW,59,3,0,0.28941983,1
KratzerSW,59,4,0,0.38120502,1
KratzerSW,59,5,0,0.29465395,1
KratzerSW,59,6,0,0.24922283,1
KratzerSW,59,8,0,0.25088564,1
KratzerSW,59,10,0,0.27203247,1
KratzerSW,60,1,0,0.39285463,1
KratzerSW,60,2,1,0.84944654,1
KratzerSW,60,3,1,0.90910894,1
KratzerSW,60,5,1,0.8827623,1
KratzerSW,60,7,1,0.8930066,1
KratzerSW,60,9,1,0.8315926,1
KratzerSW,60,10,1,0.65473634,1
KratzerSW,61,1,1,0.55926085,1
KratzerSW,61,2,0,0.49857724,1
KratzerSW,61,3,1,0.71027464,1
KratzerSW,61,4,1,0.66672087,1
KratzerSW,61,5,1,0.70851487,1
KratzerSW,61,7,1,0.6625419,1
KratzerSW,61,8,0,0.3106496,1
KratzerSW,61,9,0,0.26397452,1
KratzerSW,61,10,1,0.6349806,1
KratzerSW,62,3,1,0.82052517,1
KratzerSW,62,4,0,0.26779115,1
KratzerSW,62,7,0,0.43864003,1
KratzerSW,62,8,1,0.92756414,1
KratzerSW,62,9,1,0.91720444,1
KratzerSW,62,10,1,0.53005654,1
KratzerSW,63,1,1,0.7972234,1
KratzerSW,63,2,1,0.95034784,1
KratzerSW,63,3,1,0.9976144,1
KratzerSW,63,4,1,0.5943578,1
KratzerSW,63,5,1,0.62715036,1
KratzerSW,63,7,1,0.9157988,1
KratzerSW,63,8,0,0.4649002,1
KratzerSW,63,9,1,0.9349176,1
KratzerSW,63,10,0,0.49207172,1
KratzerSW,64,1,0,0.34256545,1
KratzerSW,64,2,0,0.28827536,1
KratzerSW,64,3,0,0.363326,1
KratzerSW,64,4,0,0.272471,1
KratzerSW,64,5,0,0.33306903,1
KratzerSW,64,6,0,0.28271693,1
KratzerSW,64,8,0,0.26936784,1
KratzerSW,64,9,0,0.2814007,1
KratzerSW,64,10,0,0.3519172,1
KratzerSW,65,1,0,0.33670855,1
KratzerSW,65,2,0,0.2912216,1
KratzerSW,65,3,0,0.34781387,1
KratzerSW,65,4,0,0.33979613,1
KratzerSW,65,6,0,0.44510874,1
KratzerSW,65,8,1,0.6039479,1
KratzerSW,65,9,0,0.2805434,1
KratzerSW,65,10,0,0.30802715,1
KratzerSW,66,1,0,0.29388118,1
KratzerSW,66,2,0,0.34259447,1
KratzerSW,66,6,0,0.3244043,1
KratzerSW,66,7,0,0.24106516,1
KratzerSW,66,10,0,0.2635397,1
KratzerSW,67,1,1,0.82471997,1
KratzerSW,67,2,1,0.7312895,1
KratzerSW,67,5,0,0.3459554,1
KratzerSW,67,6,1,0.7814297,1
KratzerSW,67,7,1,0.8600447,1
KratzerSW,67,8,0,0.47382265,1
KratzerSW,67,10,1,0.65559876,1
KratzerSW,68,1,1,0.9406842,1
KratzerSW,68,3,1,0.92153686,1
KratzerSW,68,4,1,0.92114186,1
KratzerSW,68,5,1,0.98514324,1
KratzerSW,68,6,0,0.32962996,1
KratzerSW,68,9,1,0.9825533,1
KratzerSW,68,10,0,0.26067495,1
KratzerSW,69,1,1,0.8114398,1
KratzerSW,69,3,1,0.79062617,1
KratzerSW,69,4,0,0.3710406,1
KratzerSW,69,5,0,0.35286382,1
KratzerSW,69,6,0,0.29698265,1
KratzerSW,69,7,1,0.93877834,1
KratzerSW,69,8,1,0.5591569,1
KratzerSW,69,9,1,0.8446445,1
KratzerSW,69,10,0,0.33936697,1
KratzerSW,70,1,0,0.4475437,1
KratzerSW,70,2,0,0.42556918,1
KratzerSW,70,3,0,0.48252562,1
KratzerSW,70,4,1,0.67180604,1
KratzerSW,70,6,1,0.6567874,1
KratzerSW,70,7,1,0.549018,1
KratzerSW,70,8,1,0.51100296,1
KratzerSW,70,9,1,0.98477364,1
KratzerSW,70,10,0,0.29641533,1
KratzerSW,71,1,1,0.62576497,1
KratzerSW,71,2,1,0.59325135,1
KratzerSW,71,3,0,0.47774142,1
KratzerSW,71,4,0,0.45039514,1
KratzerSW,71,5,1,0.56317186,1
KratzerSW,71,6,0,0.38765624,1
KratzerSW,71,7,1,0.6186905,1
KratzerSW,71,8,0,0.33860242,1
KratzerSW,71,10,1,0.80516994,1
KratzerSW,72,1,0,0.35008597,1
KratzerSW,72,2,0,0.38941866,1
KratzerSW,72,3,0,0.38445574,1
KratzerSW,72,5,0,0.3525777,1
KratzerSW,72,6,0,0.3434427,1
KratzerSW,72,7,0,0.32726264,1
KratzerSW,72,8,1,0.6710265,1
KratzerSW,72,9,1,0.66926384,1
KratzerSW,72,10,0,0.35522678,1
KratzerSW,73,2,0,0.28976977,1
KratzerSW,73,3,0,0.27617753,1
KratzerSW,73,5,0,0.28168106,1
KratzerSW,73,6,0,0.3195658,1
KratzerSW,73,7,0,0.3107872,1
KratzerSW,73,8,0,0.35107344,1
KratzerSW,73,9,0,0.3083142,1
KratzerSW,73,10,0,0.3380268,1
KratzerSW,74,1,0,0.45283625,1
KratzerSW,74,2,0,0.43936366,1
KratzerSW,75,1,0,0.39428967,1
KratzerSW,75,2,1,0.51211756,1
KratzerSW,75,3,0,0.24135819,1
KratzerSW,75,5,0,0.3345753,1
KratzerSW,75,6,0,0.2688963,1
KratzerSW,75,7,0,0.25564843,1
KratzerSW,75,8,0,0.29798818,1
KratzerSW,75,9,0,0.30767083,1
KratzerSW,75,10,1,0.56850636,1
